Workbook

Sheet Source
A1: SOC 2020 Volume 1: structure and descriptions of unit groups - Office for National Statistics

Sheet 9ad2cca1
A1: Table 1: Skill levels and the sub-major group structure of SOC 2010 and SOC 2020
A4: Skill Level | B4: Sub-major groups of:
B5: SOC2010 | C5: SOC2020
A6: Level 4 | B6: 11 Corporate managers and directors | C6: 11 Corporate managers and directors
B7: 21 Science, research, engineering and technology professionals | C7: 21 Science, research, engineering and technology professionals
B8: 22 Health professionals | C8: 22 Health professionals
B9: 23 Teaching and educational professionals | C9: 23 Teaching and other educational professionals
B10: 24 Business, media and public service professionals | C10: 24 Business, media and public service professionals
A11: Level 3 | B11: 12 Other managers and proprietors | C11: 12 Other managers and proprietors
B12: 31 Science, engineering and technology associate professionals | C12: 31 Science, engineering and technology associate professionals
B13: 32 Health and social care associate professionals | C13: 32 Health and social care associate professionals
B14: 33 Protective service occupations | C14: 33 Protective service occupations
B15: 34 Culture, media and sports occupations | C15: 34 Culture, media and sports occupations
B16: 35 Business and public service associate professionals | C16: 35 Business and public service associate professionals
B17: 51 Skilled agricultural and related trades | C17: 51 Skilled agricultural and related trades
B18: 52 Skilled metal, electrical and electronic trades | C18: 52 Skilled metal, electrical and electronic trades
B19: 53 Skilled construction and building trades | C19: 53 Skilled construction and building trades
B20: 54 Textiles, printing and other skilled trades | C20: 54 Textiles, printing and other skilled trades
A21: Level 2 | B21: 41 Administrative occupations | C21: 41 Administrative occupations
B22: 42 Secretarial and related occupations | C22: 42 Secretarial and related occupations
B23: 61 Caring personal service occupations | C23: 61 Caring personal service occupations
B24: 62 Leisure, travel and related personal service occupations | C24: 62 Leisure, travel and related personal service occupations
C25: 63 Community and civil enforcement occupationsÂ¹
B26: 71 Sales occupations | C26: 71 Sales occupations
B27: 72 Customer service occupations | C27: 72 Customer service occupations
B28: 81 Process, plant and machine operatives | C28: 81 Process, plant and machine operatives
B29: 82 Transport and mobile machine drivers and operatives | C29: 82 Transport and mobile machine drivers and operatives
A30: Level 1 | B30: 91 Elementary trades and related occupations | C30: 91 Elementary trades and related occupations
B31: 92 Elementary administration and service occupations | C31: 92 Elementary administration and service occupations
A33: Notes
A34: 1 | B34: New to SOC2020

Sheet LevelLookup
A1: Level | B1: Soc2digit | C1: SOC
A2: =IF('9ad2cca1'!A6="",A1,'9ad2cca1'!A6) -> Level 4 | B2: =LEFT('9ad2cca1'!B6,2) -> 11 | C2: ='9ad2cca1'!$B$5 -> SOC2010
A3: =IF('9ad2cca1'!A7="",A2,'9ad2cca1'!A7) -> Level 4 | B3: =LEFT('9ad2cca1'!B7,2) -> 21 | C3: ='9ad2cca1'!$B$5 -> SOC2010
A4: =IF('9ad2cca1'!A8="",A3,'9ad2cca1'!A8) -> Level 4 | B4: =LEFT('9ad2cca1'!B8,2) -> 22 | C4: ='9ad2cca1'!$B$5 -> SOC2010
A5: =IF('9ad2cca1'!A9="",A4,'9ad2cca1'!A9) -> Level 4 | B5: =LEFT('9ad2cca1'!B9,2) -> 23 | C5: ='9ad2cca1'!$B$5 -> SOC2010
A6: =IF('9ad2cca1'!A10="",A5,'9ad2cca1'!A10) -> Level 4 | B6: =LEFT('9ad2cca1'!B10,2) -> 24 | C6: ='9ad2cca1'!$B$5 -> SOC2010
A7: =IF('9ad2cca1'!A11="",A6,'9ad2cca1'!A11) -> Level 3 | B7: =LEFT('9ad2cca1'!B11,2) -> 12 | C7: ='9ad2cca1'!$B$5 -> SOC2010
A8: =IF('9ad2cca1'!A12="",A7,'9ad2cca1'!A12) -> Level 3 | B8: =LEFT('9ad2cca1'!B12,2) -> 31 | C8: ='9ad2cca1'!$B$5 -> SOC2010
A9: =IF('9ad2cca1'!A13="",A8,'9ad2cca1'!A13) -> Level 3 | B9: =LEFT('9ad2cca1'!B13,2) -> 32 | C9: ='9ad2cca1'!$B$5 -> SOC2010
A10: =IF('9ad2cca1'!A14="",A9,'9ad2cca1'!A14) -> Level 3 | B10: =LEFT('9ad2cca1'!B14,2) -> 33 | C10: ='9ad2cca1'!$B$5 -> SOC2010
A11: =IF('9ad2cca1'!A15="",A10,'9ad2cca1'!A15) -> Level 3 | B11: =LEFT('9ad2cca1'!B15,2) -> 34 | C11: ='9ad2cca1'!$B$5 -> SOC2010
A12: =IF('9ad2cca1'!A16="",A11,'9ad2cca1'!A16) -> Level 3 | B12: =LEFT('9ad2cca1'!B16,2) -> 35 | C12: ='9ad2cca1'!$B$5 -> SOC2010
A13: =IF('9ad2cca1'!A17="",A12,'9ad2cca1'!A17) -> Level 3 | B13: =LEFT('9ad2cca1'!B17,2) -> 51 | C13: ='9ad2cca1'!$B$5 -> SOC2010
... A27: =IF('9ad2cca1'!A31="",A26,'9ad2cca1'!A31) -> Level 1 | B27: =LEFT('9ad2cca1'!B31,2) -> 92 | C27: ='9ad2cca1'!$B$5 -> SOC2010
A28: =IF('9ad2cca1'!A6="",A1,'9ad2cca1'!A6) -> Level 4 | B28: =LEFT('9ad2cca1'!C6,2) -> 11 | C28: ='9ad2cca1'!$C$5 -> SOC2020
A29: =IF('9ad2cca1'!A7="",A2,'9ad2cca1'!A7) -> Level 4 | B29: =LEFT('9ad2cca1'!C7,2) -> 21 | C29: ='9ad2cca1'!$C$5 -> SOC2020
A30: =IF('9ad2cca1'!A8="",A3,'9ad2cca1'!A8) -> Level 4 | B30: =LEFT('9ad2cca1'!C8,2) -> 22 | C30: ='9ad2cca1'!$C$5 -> SOC2020
A31: =IF('9ad2cca1'!A9="",A4,'9ad2cca1'!A9) -> Level 4 | B31: =LEFT('9ad2cca1'!C9,2) -> 23 | C31: ='9ad2cca1'!$C$5 -> SOC2020
A32: =IF('9ad2cca1'!A10="",A5,'9ad2cca1'!A10) -> Level 4 | B32: =LEFT('9ad2cca1'!C10,2) -> 24 | C32: ='9ad2cca1'!$C$5 -> SOC2020
A33: =IF('9ad2cca1'!A11="",A6,'9ad2cca1'!A11) -> Level 3 | B33: =LEFT('9ad2cca1'!C11,2) -> 12 | C33: ='9ad2cca1'!$C$5 -> SOC2020
A34: =IF('9ad2cca1'!A12="",A7,'9ad2cca1'!A12) -> Level 3 | B34: =LEFT('9ad2cca1'!C12,2) -> 31 | C34: ='9ad2cca1'!$C$5 -> SOC2020
A35: =IF('9ad2cca1'!A13="",A8,'9ad2cca1'!A13) -> Level 3 | B35: =LEFT('9ad2cca1'!C13,2) -> 32 | C35: ='9ad2cca1'!$C$5 -> SOC2020
A36: =IF('9ad2cca1'!A14="",A9,'9ad2cca1'!A14) -> Level 3 | B36: =LEFT('9ad2cca1'!C14,2) -> 33 | C36: ='9ad2cca1'!$C$5 -> SOC2020
A37: =IF('9ad2cca1'!A15="",A10,'9ad2cca1'!A15) -> Level 3 | B37: =LEFT('9ad2cca1'!C15,2) -> 34 | C37: ='9ad2cca1'!$C$5 -> SOC2020
A38: =IF('9ad2cca1'!A16="",A11,'9ad2cca1'!A16) -> Level 3 | B38: =LEFT('9ad2cca1'!C16,2) -> 35 | C38: ='9ad2cca1'!$C$5 -> SOC2020
A39: =IF('9ad2cca1'!A17="",A12,'9ad2cca1'!A17) -> Level 3 | B39: =LEFT('9ad2cca1'!C17,2) -> 51 | C39: ='9ad2cca1'!$C$5 -> SOC2020
... A53: =IF('9ad2cca1'!A31="",A26,'9ad2cca1'!A31) -> Level 1 | B53: =LEFT('9ad2cca1'!C31,2) -> 92 | C53: ='9ad2cca1'!$C$5 -> SOC2020
